"left","right"
"#drawing","#drawings"
"#drawing","#drawingsketch"
"#drawing","#drawingpencil"
"#drawings","#drawingsketch"
"#drawings","#drawingpencil"
"#drawingsketch","#drawingpencil"
"#season4","#addicted"
"#Calzona","#LoveYou"
"#KellyMcCreary","#TeamKellyMcCreary…"
"#advice","#women"
"#advice","#power"
"#women","#power"
"#Suits","#Timeless"
"#Suits","#Scandal"
"#Suits","#TheGoodDoctor"
"#Suits","#DoctorWho"
"#Timeless","#Scandal"
"#Timeless","#TheGoodDoctor"
"#Timeless","#DoctorWho"
"#Scandal","#TheGoodDoctor"
"#Scandal","#DoctorWho"
"#TheGoodDoctor","#DoctorWho"
"#Calzona","#Mark"
"#Calzona","#Sofia"
"#Mark","#Sofia"
"#motivation","#Calzona"
"#motivation","#DeusaDaOrtopedia"
"#Calzona","#DeusaDaOrtopedia"
"#advice","#power…"
"#women","#power…"
"#Suits","#TheGoodDoctor…"
"#Timeless","#TheGoodDoctor…"
"#Scandal","#TheGoodDoctor…"
"#Medicine","#morning"
"#Medicine","#love"
"#Medicine","#blues"
"#Medicine","#BluesRadio"
"#Medicine","#NYE"
"#Medicine","#NewYearsEve"
"#Medicine","#Anxiety"
"#Medicine","#actorslife…"
"#morning","#love"
"#morning","#blues"
"#morning","#BluesRadio"
"#morning","#NYE"
"#morning","#NewYearsEve"
"#morning","#Anxiety"
"#morning","#actorslife…"
"#love","#blues"
"#love","#BluesRadio"
"#love","#NYE"
"#love","#NewYearsEve"
"#love","#Anxiety"
"#love","#actorslife…"
"#blues","#BluesRadio"
"#blues","#NYE"
"#blues","#NewYearsEve"
"#blues","#Anxiety"
"#blues","#actorslife…"
"#BluesRadio","#NYE"
"#BluesRadio","#NewYearsEve"
"#BluesRadio","#Anxiety"
"#BluesRadio","#actorslife…"
"#NYE","#NewYearsEve"
"#NYE","#Anxiety"
"#NYE","#actorslife…"
"#NewYearsEve","#Anxiety"
"#NewYearsEve","#actorslife…"
"#Anxiety","#actorslife…"
"#yang","#meredithgrey"
"#1","#MerDer"
"#FredWard","#actor"
"#FredWard","#Tremors"
"#FredWard","#nakedgun"
"#FredWard","#EscapefromAlcatraz"
"#FredWard","#Movies"
"#FredWard","#FILM"
"#FredWard","#TV"
"#FredWard","#TrueDetectiv…"
"#actor","#Tremors"
"#actor","#nakedgun"
"#actor","#EscapefromAlcatraz"
"#actor","#Movies"
"#actor","#FILM"
"#actor","#TV"
"#actor","#TrueDetectiv…"
"#Tremors","#nakedgun"
"#Tremors","#EscapefromAlcatraz"
"#Tremors","#Movies"
"#Tremors","#FILM"
"#Tremors","#TV"
"#Tremors","#TrueDetectiv…"
"#nakedgun","#EscapefromAlcatraz"
"#nakedgun","#Movies"
"#nakedgun","#FILM"
"#nakedgun","#TV"
"#nakedgun","#TrueDetectiv…"
"#EscapefromAlcatraz","#Movies"
"#EscapefromAlcatraz","#FILM"
"#EscapefromAlcatraz","#TV"
"#EscapefromAlcatraz","#TrueDetectiv…"
"#Movies","#FILM"
"#Movies","#TV"
"#Movies","#TrueDetectiv…"
"#FILM","#TV"
"#FILM","#TrueDetectiv…"
"#TV","#TrueDetectiv…"
"#doodle","#doodlesofinstagram"
"#doodle","#blackandwhite"
"#doodle","#inkpen…"
"#doodlesofinstagram","#blackandwhite"
"#doodlesofinstagram","#inkpen…"
"#blackandwhite","#inkpen…"
"#Brunch","#Trivia"
"#Brunch","#GreysAnatombei"
"#Brunch","#NYC"
"#Brunch","#BoozyBrunch"
"#Trivia","#GreysAnatombei"
"#Trivia","#NYC"
"#Trivia","#BoozyBrunch"
"#GreysAnatombei","#NYC"
"#GreysAnatombei","#BoozyBrunch"
"#NYC","#BoozyBrunch"
"#wattpad","#DemiLovato"
"#wattpad","#ArizonaRobbins"
"#DemiLovato","#ArizonaRobbins"
"#ThisIsUs","#Nashville"
"#ThisIsUs","#9-1-1"
"#Nashville","#9-1-1"
"#Deathofthe","#George"
"#Alien","#NWO"
"#Alien","#XYZ"
"#NWO","#XYZ"
"#Calzona","#TGIT"
"#addict","#bingewatching"
"#addict","#stillmissDrShepard"
"#bingewatching","#stillmissDrShepard"
"#SealTeam","#TheGoodDoctor"
"#SealTeam","#TheBachelor…"
"#TheGoodDoctor","#TheBachelor…"
"#JaneTheVirgin,","#TheWalkingDead,"
"#JaneTheVirgin,","#TheGoodPlace,"
"#JaneTheVirgin,","#OrphanBlack"
"#TheWalkingDead,","#TheGoodPlace,"
"#TheWalkingDead,","#OrphanBlack"
"#TheGoodPlace,","#OrphanBlack"
"#BringTGITbackfast!","#setlife"
"#Democracy","#Alien"
"#Democracy","#Pagan"
"#Democracy","#Tarot"
"#Democracy","#Agenda21…"
"#Alien","#Pagan"
"#Alien","#Tarot"
"#Alien","#Agenda21…"
"#Pagan","#Tarot"
"#Pagan","#Agenda21…"
"#Tarot","#Agenda21…"
"#KatherineHeigl","#SeasonOne"
"#KatherineHeigl","#JohnnyDepp"
"#SeasonOne","#JohnnyDepp"
"#EllenPompeo","#JustinChambers"
"#myperson","#yangtomygrey<ed><U+00A0><U+00BD><ed><U+00B2><U+009A>"
"#greyhound","#gery"
"#greyhound","#thuglife"
"#greyhound","#greylife"
"#gery","#thuglife"
"#gery","#greylife"
"#thuglife","#greylife"
"#saturdaynight","#appetizers"
"#saturdaynight","#boardgames"
"#saturdaynight","#beet"
"#appetizers","#boardgames"
"#appetizers","#beet"
"#boardgames","#beet"
"#Trivia","#EastVillage"
"#NYC","#EastVillage"
"#deviousmaids","#Desperatehousewives…"
"#Scandal","#HTGAWM"
"#LazySaturday","#IWantNothingMore"
"#ChandraWilson","#ChristmasInDisney"
"#Ariliza","#fanfic"
"#Ariliza","#fanfiction"
"#fanfic","#fanfiction"
"#MySaturdays","#Bulletproofcoffee"
"#MySaturdays","#GreysSaturdays"
"#Bulletproofcoffee","#GreysSaturdays"
"#Arrow-verse,","#OnceUponATime,"
"#Arrow-verse,","#The100,"
"#Arrow-verse,","#Younger,"
"#Arrow-verse,","#NCIS,"
"#Arrow-verse,","#AmericanHorrorSt…"
"#OnceUponATime,","#The100,"
"#OnceUponATime,","#Younger,"
"#OnceUponATime,","#NCIS,"
"#OnceUponATime,","#AmericanHorrorSt…"
"#The100,","#Younger,"
"#The100,","#NCIS,"
"#The100,","#AmericanHorrorSt…"
"#Younger,","#NCIS,"
"#Younger,","#AmericanHorrorSt…"
"#NCIS,","#AmericanHorrorSt…"
"#Aliens","#NWO"
"#Aliens","#XYZ"
"#Aliens","#FakeNews"
"#Aliens","#Disinfo"
"#Aliens","#Misinfo"
"#Aliens","#CERN"
"#Aliens","#Democracy"
"#FakeNews","#Disinfo"
"#FakeNews","#Misinfo"
"#FakeNews","#CERN"
"#FakeNews","#NWO"
"#FakeNews","#Democracy"
"#FakeNews","#XYZ"
"#Disinfo","#Misinfo"
"#Disinfo","#CERN"
"#Disinfo","#NWO"
"#Disinfo","#Democracy"
"#Disinfo","#XYZ"
"#Misinfo","#CERN"
"#Misinfo","#NWO"
"#Misinfo","#Democracy"
"#Misinfo","#XYZ"
"#CERN","#NWO"
"#CERN","#Democracy"
"#CERN","#XYZ"
"#NWO","#Democracy"
"#Democracy","#XYZ"
"#FredWard","#TV…"
"#actor","#TV…"
"#Tremors","#TV…"
"#nakedgun","#TV…"
"#EscapefromAlcatraz","#TV…"
"#Movies","#TV…"
"#FILM","#TV…"
"#sosick","#dying"
"#Suits","#ODAAT"
"#Suits","#Arrow"
"#Suits","#GameofThrones"
"#Suits","#ChicagoFire…"
"#ODAAT","#Arrow"
"#ODAAT","#GameofThrones"
"#ODAAT","#ChicagoFire…"
"#Arrow","#GameofThrones"
"#Arrow","#ChicagoFire…"
"#GameofThrones","#ChicagoFire…"
"#newyear","#advice"
"#newyear","#lifequotes"
"#advice","#lifequotes"
"#pll","#Quantico"
"#freakinglovethisshow","#thanksnetflix"
"#japril","#aprilkepner"
"#japril","#jacksonavery"
"#aprilkepner","#jacksonavery"
"#McSteamy","#McDreamy"
"#Yes","#NewYear2018"
"#Yes","#LetsDoThis"
"#NewYear2018","#LetsDoThis"
"#MeredithGrey","#AddisonMontgomery"
"#MeredithGrey","#DerekShepherd"
"#AddisonMontgomery","#DerekShepherd"
"#callietorres","#OBSESSED"
"#kiss","#AlexKarev"
"#kiss","#TheresAQuoteForThat"
"#AlexKarev","#TheresAQuoteForThat"
"#Netflix..","#13ReasonsWhy"
"#Ad","#scandal"
"#bixesual","#LGBTQ<ed><U+00A0><U+00BC><ed><U+00BC><U+0088>"
"#bixesual","#LoveIsLove"
"#LGBTQ<ed><U+00A0><U+00BC><ed><U+00BC><U+0088>","#LoveIsLove"
"#single","#Netflix"
"#single","#alone"
"#Netflix","#alone"
"#MyLove","#Callie"
"#Capmirez","#Calzona"
"#AprilTheMovie","#TeamApril"
"#Scandal","#TGIT"
"#HTGAWM","#TGIT"
"#spoby","#emison"
"#spoby","#merder"
"#spoby","#ezria"
"#spoby","#haleb"
"#spoby","#prettylittleliars"
"#spoby","#jolex"
"#spoby","#japril"
"#spoby","#crowen"
"#spoby","#izzex"
"#emison","#merder"
"#emison","#ezria"
"#emison","#haleb"
"#emison","#prettylittleliars"
"#emison","#jolex"
"#emison","#japril"
"#emison","#crowen"
"#emison","#izzex"
"#merder","#ezria"
"#merder","#haleb"
"#merder","#prettylittleliars"
"#merder","#jolex"
"#merder","#japril"
"#merder","#crowen"
"#merder","#izzex"
"#ezria","#haleb"
"#ezria","#prettylittleliars"
"#ezria","#jolex"
"#ezria","#japril"
"#ezria","#crowen"
"#ezria","#izzex"
"#haleb","#prettylittleliars"
"#haleb","#jolex"
"#haleb","#japril"
"#haleb","#crowen"
"#haleb","#izzex"
"#prettylittleliars","#jolex"
"#prettylittleliars","#japril"
"#prettylittleliars","#crowen"
"#prettylittleliars","#izzex"
"#jolex","#japril"
"#jolex","#crowen"
"#jolex","#izzex"
"#japril","#crowen"
"#japril","#izzex"
"#crowen","#izzex"
"#izzie","#isobelsteven"
"#Darvey","#Suits"
"#season6","#NoSpoilers"
"#season6","#myperson"
"#NoSpoilers","#myperson"
"#Friendship","#LongDistance"
"#Friendship","#MyPerson"
"#Friendship","#ThankYou"
"#Friendship","#Friends…"
"#LongDistance","#MyPerson"
"#LongDistance","#ThankYou"
"#LongDistance","#Friends…"
"#MyPerson","#ThankYou"
"#MyPerson","#Friends…"
"#ThankYou","#Friends…"
"#WhiteHorse","#Crowen"
